sr_no,station,zone,code,division,state,present_category,nsg_group,passengers_reserved,passengers_unreserved,passengers_total,earnings_reserved,earnings_unreserved,earnings_total,proposed_category
1,New Jalpaiguri,NFR,NJP,KIR,WEST BENGAL,NSG-2,NSG-2,3207573,1560214,4767787,3364976836,176133125,3541109961,NSG-2
2,Guwahati,NFR,GHY,LMG,ASSAM,NSG-2,NSG-2,3785086,3145760,6930846,3187299926,346715325,3534015251,NSG-2
3,Katihar,NFR,KIR,KIR,BIHAR,NSG-2,NSG-2,1461305,4984018,6445323,1225652598,374684880,1600337478,NSG-2
4,Kamakhya Jn,NFR,KYQ,LMG,ASSAM,NSG-6,NSG-2,1145077,1147953,2293030,1142904946,145748430,1288653376,NSG-2
1,Kishanganj,NFR,KNE,KIR,BIHAR,NSG-3,NSG-3,831354,1141000,1972354,843231185,153609260,996840445,NSG-3
2,New Coochbehar,NFR,NCB,APDJ,WEST BENGAL,NSG-3,NSG-3,754367,684312,1438679,790399991,73079515,863479506,NSG-3
3,New Bongaigaon Jn,NFR,NBQ,RNY,ASSAM,NSG-3,NSG-3,636141,579998,1216139,687013720,84480827,771494547,NSG-3
4,Dimapur,NFR,DMV,LMG,NAGALAND,NSG-5,NSG-3,729682,916079,1645761,664715396,82727415,747442811,NSG-3
5,Dibrugarh,NFR,DBRG,TSK,ASSAM,NSG-3,NSG-3,397069,393306,790375,660148180,51558285,711706465,NSG-3
6,New Tinsukia,NFR,NTSK,TSK,ASSAM,NSG-3,NSG-3,509097,557915,1067012,588133086,68853335,656986421,NSG-3
7,Agartala,NFR,AGTL,LMG,TRIPURA,NSG-5,NSG-3,519503,1681485,2200988,449084781,76779015,525863796,NSG-3
8,Badarpur Jn.,NFR,BPB,LMG,ASSAM,NSG-4,NSG-3,526106,429672,955778,416077042,35052985,451130027,NSG-3
9,Barsoi,NFR,BOE,KIR,BIHAR,NSG-3,NSG-3,386326,1117298,1503624,326376930,88468055,414844985,NSG-3
10,Silchar,NFR,SCL,LMG,ASSAM,NSG-6,NSG-3,563003,830948,1393951,311977396,61143845,373121241,NSG-3
11,New Alipurduar,NFR,NOQ,APDJ,WEST BENGAL,NSG-3,NSG-3,315523,433099,748622,308211456,47226045,355437501,NSG-3
12,Rangiya Jn.,NFR,RNY,RNY,ASSAM,NSG-3,NSG-3,341454,1336025,1677479,264844467,89286981,354131448,NSG-3
13,Mariani,NFR,MXN,TSK,ASSAM,NSG-3,NSG-3,241746,357740,599486,307301728,28530830,335832558,NSG-3
14,Siliguri Jn,NFR,SGUJ,KIR,WEST BENGAL,NSG-4,NSG-3,337879,1432316,1770195,230116774,81050965,311167739,NSG-3
15,Jogbani,NFR,JBN,KIR,BIHAR,NSG-4,NSG-3,128968,1115945,1244913,97216189,136212955,233429144,NSG-3
16,Naharlagun,NFR,NHLN,RNY,ARUNACHAL PRADESH,NSG-4,NSG-3,252897,39326,292223,205785508,3906122,209691630,NSG-3
1,Hojai,NFR,HJI,LMG,ASSAM,NSG-6,NSG-4,247056,789450,1036506,131672602,66879810,198552412,NSG-4
2,Lumding Jn.,NFR,LMG,LMG,ASSAM,NSG-6,NSG-4,326883,589353,916236,160699065,36652015,197351080,NSG-4
3,Rangapara North,NFR,RPAN,RNY,ASSAM,NSG-4,NSG-4,130091,473665,603756,167354746,23870892,191225638,NSG-4
4,Darjeeling,NFR,DJ,KIR,WEST BENGAL,NSG-5,NSG-4,160484,0,160484,184806087,0,184806087,NSG-4
5,Barpeta Road,NFR,BPRD,RNY,ASSAM,NSG-4,NSG-4,168259,591714,759973,144373835,35244560,179618395,NSG-4
6,Kokrajhar,NFR,KOJ,APDJ,ASSAM,NSG-4,NSG-4,128053,316343,444396,128159707,23605740,151765447,NSG-4
7,Dharmanagar,NFR,DMR,LMG,TRIPURA,NSG-3,NSG-4,154338,552333,706671,125469996,24390410,149860406,NSG-4
8,Simaluguri,NFR,SLGR,TSK,ASSAM,NSG-5,NSG-4,117358,389186,506544,103807158,28480585,132287743,NSG-4
9,Raiganj,NFR,RGJ,KIR,WEST BENGAL,NSG-4,NSG-4,214554,759112,973666,98184840,33330385,131515225,NSG-4
10,Arraria Court,NFR,ARQ,KIR,BIHAR,NSG-4,NSG-4,106789,424367,531156,85574698,43636445,129211143,NSG-4
11,Samsi,NFR,SM,KIR,WEST BENGAL,NSG-5,NSG-4,153800,920840,1074640,64669258,61304195,125973453,NSG-4
12,Harmuti,NFR,HMY,RNY,ASSAM,NSG-5,NSG-4,141957,273330,415287,101632070,18707486,120339556,NSG-4
13,Jalpaiguri Road,NFR,JPE,APDJ,WEST BENGAL,NSG-5,NSG-4,127794,198026,325820,101077427,14052910,115130337,NSG-4
14,Balurghat,NFR,BLGT,KIR,WEST BENGAL,NSG-5,NSG-4,171757,414873,586630,74288764,34331805,108620569,NSG-4
15,Furkating,NFR,FKG,TSK,ASSAM,NSG-5,NSG-4,115451,298341,413792,78446207,27443695,105889902,NSG-4
16,Dhupguri,NFR,DQG,APDJ,WEST BENGAL,NSG-4,NSG-4,100903,112264,213167,87056593,14237540,101294133,NSG-4
17,Chaparmukh Jn,NFR,CPK,LMG,ASSAM,NSG-6,NSG-4,68064,322258,390322,39850885,19038965,58889850,NSG-4
18,Jorhat Town,NFR,JTTN,TSK,ASSAM,NSG-5,NSG-4,152035,120398,272433,42752184,8696250,51448434,NSG-4
19,New Haflong,NFR,NHLG,LMG,ASSAM,NSG-6,NSG-4,55891,146202,202093,26691503,8809045,35500548,NSG-4
20,Dhemaji,NFR,DMC,TSK,ASSAM,NSG-5,NSG-4,46900,157873,204773,23480429,10027310,33507739,NSG-4
21,Dhubri,NFR,DBB,APDJ,ASSAM,NSG-5,NSG-4,19586,145103,164689,7212920,10627225,17840145,NSG-4
22,Tinsukia,NFR,TSK,TSK,ASSAM,NSG-5,NSG-4,10530,370886,381416,3537538,14285045,17822583,NSG-4
23,Karimganjjn.,NFR,KXJ,LMG,ASSAM,NSG-3,NSG-4,9470,329247,338717,2906579,7009535,9916114,NSG-4
24,Mendipathar,NFR,MNDP,RNY,MEGHALAYA,NSG-4,NSG-4,,15284,15284,,427280,427280,NSG-4
25,Changrabandha,NFR,CBD,APDJ,WEST BENGAL,NSG-6,NSG-4,0,10718,10718,0,220095,220095,NSG-4
2,Forbesganj,NFR,FBG,KIR,BIHAR,NSG-5,NSG-5,42779,494451,537230,58613289,33391095,92004384,NSG-5
3,New Mal Jn.,NFR,NMZ,APDJ,WEST BENGAL,NSG-5,NSG-5,108378,194608,302986,80443656,10827325,91270981,NSG-5
4,Alluabari Road,NFR,AUB,KIR,WEST BENGAL,NSG-5,NSG-5,96820,334520,431340,66976597,22249095,89225692,NSG-5
5,New Karimganj,NFR,NKMG,LMG,ASSAM,NSG-6,NSG-5,67578,37624,105202,78748782,3304550,82053332,NSG-5
6,Dalkhola,NFR,DLK,KIR,WEST BENGAL,NSG-5,NSG-5,76214,438887,515101,53523532,28413565,81937097,NSG-5
7,Jagi Road,NFR,JID,LMG,ASSAM,,NSG-5,43978,473402,517380,39837832,36645415,76483247,NSG-5
8,Purnia,NFR,PRNA,KIR,BIHAR,NSG-4,NSG-5,206530,1240835,1447365,206530,73774675,73981205,NSG-5
9,North Lakhimpur,NFR,NLP,TSK,ASSAM,NSG-5,NSG-5,86538,254217,340755,52850771,17326980,70177751,NSG-5
10,Harishchandrapur,NFR,HCR,KIR,WEST BENGAL,NSG-5,NSG-5,66476,777051,843527,34136534,34448900,68585434,NSG-5
11,Hasimara,NFR,HSA,APDJ,WEST BENGAL,NSG-5,NSG-5,58518,189993,248511,49224295,13231000,62455295,NSG-5
12,Thakurganj,NFR,TKG,KIR,BIHAR,NSG-6,NSG-5,49464,445232,494696,44481120,16821790,61302910,NSG-5
13,Dibrugarh Town,NFR,DBRT,TSK,ASSAM,NSG-3,NSG-5,21151,19166,40317,59279675,882280,60161955,NSG-5
14,Diphu,NFR,DPU,LMG,ASSAM,NSG-6,NSG-5,111265,328334,439599,39846528,18535610,58382138,NSG-5
15,Jalpaiguri,NFR,JPG,KIR,WEST BENGAL,NSG-5,NSG-5,75428,414620,490048,45025599,9505775,54531374,NSG-5
16,Murkongselek,NFR,MZS,TSK,ASSAM,NSG-5,NSG-5,76780,196853,273633,37412561,15494400,52906961,NSG-5
17,Lanka,NFR,LKA,LMG,ASSAM,NSG-6,NSG-5,87469,486491,573960,22087654,30786875,52874529,NSG-5
18,Falakata,NFR,FLK,APDJ,WEST BENGAL,NSG-5,NSG-5,67940,113896,181836,38476112,10854790,49330902,NSG-5
19,Udalguri,NFR,ULG,RNY,ASSAM,NSG-5,NSG-5,29465,359771,389236,32998060,13978503,46976563,NSG-5
20,Sarupathar,NFR,SZR,LMG,ASSAM,NSG-6,NSG-5,47741,297122,344863,27158876,18740970,45899846,NSG-5
21,Ambassa,NFR,ABSA,LMG,TRIPURA,NSG-6,NSG-5,37271,477744,515015,31342017,14109760,45451777,NSG-5
22,Kaliyaganj,NFR,KAJ,KIR,WEST BENGAL,NSG-5,NSG-5,49925,422420,472345,21003906,20595080,41598986,NSG-5
23,Azamnagar,NFR,AZR,KIR,BIHAR,NSG-5,NSG-5,38703,185038,223741,33802832,7222980,41025812,NSG-5
24,Labha,NFR,LAV,KIR,BIHAR,NSG-5,NSG-5,34170,353866,388036,19466786,21470755,40937541,NSG-5
25,Gangarampur,NFR,GRMP,KIR,WEST BENGAL,NSG-6,NSG-5,61965,234953,296918,22307878,17662710,39970588,NSG-5
26,Mathabhanga,NFR,MHBA,APDJ,WEST BENGAL,NSG-6,NSG-5,35608,66412,102020,31164392,8094920,39259312,NSG-5
27,Bagdogra,NFR,BORA,KIR,WEST BENGAL,NSG-6,NSG-5,39716,182736,222452,27002017,11848045,38850062,NSG-5
28,Nagaon,NFR,NGAN,LMG,ASSAM,NSG-6,NSG-5,29075,106867,135942,24404847,10325290,34730137,NSG-5
29,New Misamari,NFR,NMM,RNY,ASSAM,NSG-6,NSG-5,15618,173167,188785,27529675,6686793,34216468,NSG-5
30,Tangla,NFR,TNL,RNY,ASSAM,NSG-5,NSG-5,30874,490382,521256,20309526,13040203,33349729,NSG-5
31,Dinhata,NFR,DHH,APDJ,WEST BENGAL,NSG-5,NSG-5,40131,214613,254744,21682018,11534410,33216428,NSG-5
32,Binnaguri,NFR,BNV,APDJ,WEST BENGAL,NSG-5,NSG-5,27958,73660,101618,27814739,4922145,32736884,NSG-5
33,Kumarghat,NFR,KUGT,LMG,TRIPURA,NSG-6,NSG-5,38610,502304,540914,14853217,17767025,32620242,NSG-5
34,Silapathar,NFR,SPTR,TSK,ASSAM,NSG-5,NSG-5,37471,238981,276452,16638880,15175255,31814135,NSG-5
35,Dalgaon,NFR,DLO,APDJ,WEST BENGAL,NSG-5,NSG-5,25701,186093,211794,20356771,9447030,29803801,NSG-5
36,Duliajan,NFR,DJG,TSK,ASSAM,NSG-5,NSG-5,36100,190645,226745,19659248,10101735,29760983,NSG-5
37,Vishwanath Charali,NFR,VNE,RNY,ASSAM,NSG-6,NSG-5,49160,334527,383687,18236509,11068944,29305453,NSG-5
38,Bhojo,NFR,BOJ,TSK,ASSAM,NSG-5,NSG-5,29326,213619,242945,17044815,12195665,29240480,NSG-5
39,Goalpara Town,NFR,GLPT,RNY,ASSAM,NSG-5,NSG-5,23961,72869,96830,19668550,9485716,29154266,NSG-5
40,Fakiragram Jn.,NFR,FKM,APDJ,ASSAM,NSG-5,NSG-5,25720,193490,219210,13939136,15051115,28990251,NSG-5
41,Telem,NFR,TQM,TSK,ASSAM,NSG-6,NSG-5,69516,46034,115550,26110185,2544150,28654335,NSG-5
42,New Maynaguri,NFR,NMX,APDJ,WEST BENGAL,NSG-5,NSG-5,41102,51020,92122,21239100,5365515,26604615,NSG-5
43,Ledo,NFR,LEDO,TSK,ASSAM,NSG-6,NSG-5,19520,220900,240420,8273720,18278275,26551995,NSG-5
44,Buniyadpur,NFR,BNDP,KIR,WEST BENGAL,NSG-5,NSG-5,46168,181135,227303,14869336,11137055,26006391,NSG-5
45,Moranhat,NFR,MRHT,TSK,ASSAM,NSG-5,NSG-5,18928,90718,109646,18303068,6157705,24460773,NSG-5
46,Gogamukh,NFR,GOM,TSK,ASSAM,NSG-5,NSG-5,30204,202287,232491,11688369,12724655,24413024,NSG-5
47,Gazole,NFR,GZO,KIR,WEST BENGAL,NSG-6,NSG-5,42990,151474,194464,12730495,11017225,23747720,NSG-5
48,Nalbari,NFR,NLV,RNY,ASSAM,NSG-5,NSG-5,19403,546546,565949,12718604,10508204,23226808,NSG-5
49,Haldibari,NFR,HDB,KIR,WEST BENGAL,NSG-5,NSG-5,23197,401702,424899,11800475,10641780,22442255,NSG-5
50,Bongaigaon,NFR,BNGN,RNY,ASSAM,NSG-5,NSG-5,7340,177009,184349,7279536,15041943,22321479,NSG-5
51,Naharkatia,NFR,NHK,TSK,ASSAM,NSG-5,NSG-5,22340,196139,218479,12687705,9345540,22033245,NSG-5
52,Bhaluka Road,NFR,BKRD,KIR,WEST BENGAL,NSG-5,NSG-5,20182,394877,415059,6703050,14206295,20909345,NSG-5
53,Gosaigaonhat,NFR,GOGH,APDJ,ASSAM,NSG-5,NSG-5,13335,148699,162034,9946853,10333910,20280763,NSG-5
54,Sibsagar Town,NFR,SRTN,TSK,ASSAM,NSG-6,NSG-5,26715,118932,145647,11621076,6478595,18099671,NSG-5
55,Amguri,NFR,AGI,TSK,ASSAM,NSG-5,NSG-5,16484,202930,219414,6311040,10937270,17248310,NSG-5
56,Gohpur,NFR,GPZ,RNY,ASSAM,NSG-6,NSG-5,28167,182345,210512,7254263,9921662,17175925,NSG-5
57,Bijni,NFR,BJF,RNY,ASSAM,NSG-5,NSG-5,8932,201006,209938,10194394,6830108,17024502,NSG-5
58,Bokajan,NFR,BXJ,LMG,ASSAM,NSG-6,NSG-5,45674,147073,192747,8744545,8266860,17011405,NSG-5
59,Kamakhyaguri,NFR,KAMG,APDJ,WEST BENGAL,NSG-5,NSG-5,15683,128172,143855,5827282,8022435,13849717,NSG-5
60,Golakganj,NFR,GKJ,APDJ,ASSAM,NSG-6,NSG-5,8163,125982,134145,2390177,10562695,12952872,NSG-5
61,Namrup,NFR,NAM,TSK,ASSAM,NSG-5,NSG-5,13729,126712,140441,7195458,5335260,12530718,NSG-5
62,Banarhat,NFR,BNQ,APDJ,WEST BENGAL,NSG-6,NSG-5,10620,119411,130031,6944619,5453425,12398044,NSG-5
63,Majbat,NFR,MJBT,RNY,ASSAM,NSG-6,NSG-5,1174,337435,338609,315609,11783449,12099058,NSG-5
64,Teliamura,NFR,TLMR,LMG,TRIPURA,NSG-6,NSG-5,7744,349769,357513,3231625,8325685,11557310,NSG-5
65,Kumedpur Jn,NFR,KDPR,KIR,WEST BENGAL,NSG-6,NSG-5,1789,290294,292083,1275205,9782485,11057690,NSG-5
66,Dekargaon,NFR,DKGN,RNY,ASSAM,NSG-6,NSG-5,,203202,203202,,10865713,10865713,NSG-5
67,Margherita,NFR,MRG,TSK,ASSAM,NSG-6,NSG-5,8652,138343,146995,3619466,6764600,10384066,NSG-5
68,Kampur,NFR,KWM,LMG,ASSAM,NSG-5,NSG-5,1498,191044,192542,302860,10066830,10369690,NSG-5
1,Silghat Town,NFR,SHTT,LMG,ASSAM,NSG-6,NSG-6,6885,20384,27269,6184913,3437430,9622343,NSG-6
2,Digboi,NFR,DBY,TSK,ASSAM,NSG-6,NSG-6,12594,77019,89613,5631663,3800240,9431903,NSG-6
3,Golaghat,NFR,GLGT,TSK,ASSAM,NSG-6,NSG-6,17792,51203,68995,5189894,4088315,9278209,NSG-6
4,Naksalbari,NFR,NAK,KIR,WEST BENGAL,NSG-6,NSG-6,5876,129597,135473,2967577,6170620,9138197,NSG-6
5,Malda Court,NFR,MLFC,KIR,WEST BENGAL,NSG-6,NSG-6,0,275775,275775,0,8793895,8793895,NSG-6
6,Bamanhat,NFR,BXT,APDJ,WEST BENGAL,NSG-6,NSG-6,5005,149693,154698,2563691,6192600,8756291,NSG-6
7,Titabar,NFR,TTB,TSK,ASSAM,NSG-6,NSG-6,8156,126836,134992,2153584,6567185,8720769,NSG-6
8,Hamiltonganj,NFR,HOJ,APDJ,WEST BENGAL,NSG-6,NSG-6,6747,69015,75762,4517267,3950660,8467927,NSG-6
9,Sapekhati,NFR,SPK,TSK,ASSAM,NSG-6,NSG-6,4881,154044,158925,1616454,6546245,8162699,NSG-6
10,Manu,NFR,MANU,LMG,TRIPURA,NSG-6,NSG-6,5029,293373,298402,772930,7219250,7992180,NSG-6
11,Dhekiajuli Road,NFR,DKJR,RNY,ASSAM,NSG-6,NSG-6,77,213459,213536,13515,7972210,7985725,NSG-6
12,Simen Chapari,NFR,SMCP,TSK,ASSAM,NSG-6,NSG-6,4722,103255,107977,1851152,6018705,7869857,NSG-6
13,Barpathar,NFR,BXP,LMG,ASSAM,NSG-6,NSG-6,11425,77377,88802,3472136,4239980,7712116,NSG-6
14,Pathshala,NFR,PBL,RNY,ASSAM,NSG-5,NSG-6,5013,228410,233423,2350195,5268883,7619078,NSG-6
15,Tatibahar,NFR,TBH,RNY,ASSAM,NSG-6,NSG-6,15841,48280,64121,4448865,3141758,7590623,NSG-6
16,Sudhani,NFR,SUD,KIR,BIHAR,NSG-6,NSG-6,11396,155853,167249,4394528,3181600,7576128,NSG-6
17,Patharkandi,NFR,PTKD,LMG,ASSAM,NSG-6,NSG-6,5340,117547,122887,2866191,4677980,7544171,NSG-6
18,Gauripur,NFR,GUP,APDJ,ASSAM,NSG-6,NSG-6,5464,60672,66136,2117395,5122265,7239660,NSG-6
19,Eklakhi,NFR,EKI,KIR,WEST BENGAL,NSG-6,NSG-6,8736,125694,134430,2419427,4801500,7220927,NSG-6
20,Salmari,NFR,SRI,KIR,BIHAR,NSG-5,NSG-6,40,353130,353170,4367,7026885,7031252,NSG-6
21,Haibargaon,NFR,HBN,LMG,ASSAM,NSG-5,NSG-6,0,180774,180774,0,7006990,7006990,NSG-6
22,Araria,NFR,ARR,KIR,BIHAR,NSG-6,NSG-6,103,220070,220173,26906,6864540,6891446,NSG-6
23,Balipara,NFR,BVU,RNY,ASSAM,NSG-6,NSG-6,243,122882,123125,39524,6825608,6865132,NSG-6
24,Telta,NFR,TETA,KIR,BIHAR,NSG-6,NSG-6,8477,142195,150672,3420895,3357155,6778050,NSG-6
25,Sonali,NFR,SI,KIR,BIHAR,NSG-5,NSG-6,0,312781,312781,0,6641100,6641100,NSG-6
26,Tihu,NFR,TIHU,RNY,ASSAM,NSG-5,NSG-6,2810,316071,318881,1317625,5232140,6549765,NSG-6
27,Jakhalabandha,NFR,JKB,LMG,ASSAM,NSG-6,NSG-6,4622,35005,39627,3277173,2929260,6206433,NSG-6
28,Manihari,NFR,MHI,KIR,BIHAR,NSG-6,NSG-6,2638,190353,192991,515459,5631280,6146739,NSG-6
29,Sorbhog,NFR,SBE,RNY,ASSAM,NSG-6,NSG-6,3171,140428,143599,1344038,4730827,6074865,NSG-6
30,Khurial,NFR,KWE,KIR,BIHAR,NSG-6,NSG-6,3389,119250,122639,1283652,4743665,6027317,NSG-6
31,Makum,NFR,MJN,TSK,ASSAM,NSG-6,NSG-6,5943,83969,89912,1900959,3948175,5849134,NSG-6
32,Borhat,NFR,BFD,TSK,ASSAM,NSG-6,NSG-6,2580,128582,131162,889530,4704355,5593885,NSG-6
33,Sukhovi,NFR,SKHV,LMG,NAGALAND,NSG-6,NSG-6,17180,6413,23593,4981796,416140,5397936,NSG-6
34,Radhikapur,NFR,RDP,KIR,WEST BENGAL,NSG-5,NSG-6,5321,75935,81256,1859044,3445035,5304079,NSG-6
35,Helem,NFR,HML,RNY,ASSAM,NSG-6,NSG-6,81,109819,109900,15475,5286624,5302099,NSG-6
36,Goreswar,NFR,GVR,RNY,ASSAM,NSG-6,NSG-6,57,204182,204239,11925,5235881,5247806,NSG-6
37,Rowta Bagan,NFR,RWTB,RNY,ASSAM,NSG-6,NSG-6,84,150171,150255,14410,5221868,5236278,NSG-6
38,Ghoksadanga,NFR,GDX,APDJ,WEST BENGAL,NSG-6,NSG-6,6631,25167,31798,3137838,1963925,5101763,NSG-6
39,Dhalaibi,NFR,DQL,RNY,ASSAM,NSG-6,NSG-6,,98320,98320,,5025166,5025166,NSG-6
40,Bordoloni,NFR,BDLN,TSK,ASSAM,NSG-6,NSG-6,5265,54822,60087,1795874,3096065,4891939,NSG-6
41,Belonia,NFR,BENA,LMG,TRIPURA,NSG-6,NSG-6,0,281316,281316,0,4545530,4545530,NSG-6
42,Khoirabari,NFR,KBY,RNY,ASSAM,NSG-6,NSG-6,31,175502,175533,5955,4531653,4537608,NSG-6
43,Sabroom,NFR,SBRM,LMG,TRIPURA,NSG-6,NSG-6,540,194268,194808,142300,4341700,4484000,NSG-6
44,Jalalgarh,NFR,JAG,KIR,BIHAR,NSG-6,NSG-6,0,176737,176737,0,4362725,4362725,NSG-6
45,Maibang,NFR,MBG,LMG,ASSAM,NSG-6,NSG-6,5984,40678,46662,1820729,2439915,4260644,NSG-6
46,Kasba,NFR,KUB,KIR,BIHAR,NSG-6,NSG-6,0,166609,166609,0,4240070,4240070,NSG-6
47,Kusiargaon,NFR,KSY,KIR,BIHAR,NSG-6,NSG-6,0,83568,83568,0,3930620,3930620,NSG-6
48,Tejnarayanpur,NFR,TNPR,KIR,BIHAR,NSG-6,NSG-6,0,134336,134336,0,3898530,3898530,NSG-6
49,Jirinia,NFR,JRNA,LMG,TRIPURA,NSG-6,NSG-6,1926,133836,135762,378348,3472765,3851113,NSG-6
50,Simraha,NFR,SMH,KIR,BIHAR,NSG-6,NSG-6,0,139187,139187,0,3803665,3803665,NSG-6
51,Garhbanali,NFR,GBN,KIR,BIHAR,NSG-6,NSG-6,0,121406,121406,0,3802535,3802535,NSG-6
52,Arunachal,NFR,ARCL,LMG,ASSAM,NSG-6,NSG-6,14350,14852,29202,3522758,185925,3708683,NSG-6
53,Basugaon,NFR,BSGN,APDJ,ASSAM,NSG-6,NSG-6,0,74535,74535,0,3686615,3686615,NSG-6
54,Kathalpukhuri,NFR,KTPR,RNY,ASSAM,NSG-6,NSG-6,40,73296,73336,6750,3572179,3578929,NSG-6
55,Pencharthal,NFR,PEC,LMG,TRIPURA,NSG-6,NSG-6,2922,141140,144062,359205,3158605,3517810,NSG-6
56,Baraigram Jn.,NFR,BRGM,LMG,ASSAM,NSG-6,NSG-6,3980,79034,83014,1253580,2147545,3401125,NSG-6
57,Kachna,NFR,KAU,KIR,BIHAR,NSG-6,NSG-6,0,138492,138492,0,3395465,3395465,NSG-6
58,Bathnaha,NFR,BTF,KIR,BIHAR,NSG-6,NSG-6,0,87960,87960,0,3371475,3371475,NSG-6
59,Abhayapuri Assam,NFR,AYU,RNY,ASSAM,NSG-6,NSG-6,114,57268,57382,128587,3226162,3354749,NSG-6
60,Harisinga,NFR,HRSN,RNY,ASSAM,NSG-6,NSG-6,,119237,119237,,3353796,3353796,NSG-6
61,Barua Bamungaon,NFR,BBGN,TSK,ASSAM,NSG-6,NSG-6,4739,26117,30856,1251966,2099395,3351361,NSG-6
62,Sapatgram,NFR,SPX,APDJ,ASSAM,NSG-6,NSG-6,488,67984,68472,114790,3179185,3293975,NSG-6
63,Namtiali,NFR,NMT,TSK,ASSAM,NSG-6,NSG-6,2078,48767,50845,572257,2697645,3269902,NSG-6
64,Udaipur,NFR,UDPU,LMG,TRIPURA,NSG-6,NSG-6,0,180639,180639,0,3267275,3267275,NSG-6
65,Silanibari,NFR,SOB,RNY,ASSAM,NSG-6,NSG-6,,57614,57614,,3091365,3091365,NSG-6
66,Bangalbaree,NFR,BJY,KIR,WEST BENGAL,NSG-6,NSG-6,0,102395,102395,0,2927325,2927325,NSG-6
67,Nizbarganj,NFR,NBX,RNY,ASSAM,NSG-6,NSG-6,,55513,55513,,2917659,2917659,NSG-6
68,Panisagar,NFR,PASG,LMG,TRIPURA,NSG-6,NSG-6,2102,105811,107913,406849,2504140,2910989,NSG-6
69,Nizchatia,NFR,NCA,RNY,ASSAM,NSG-6,NSG-6,,51166,51166,,2844018,2844018,NSG-6
70,Mahur,NFR,MXR,LMG,ASSAM,NSG-6,NSG-6,2965,36477,39442,713887,2123985,2837872,NSG-6
71,Katakhal Jn.,NFR,KTX,LMG,ASSAM,NSG-6,NSG-6,6686,49923,56609,1778679,1059165,2837844,NSG-6
72,Kalchini,NFR,KCF,APDJ,WEST BENGAL,NSG-6,NSG-6,0,57841,57841,0,2823835,2823835,NSG-6
73,Dubia,NFR,DBW,RNY,ASSAM,NSG-6,NSG-6,,45702,45702,,2694852,2694852,NSG-6
74,Manu Bazar,NFR,MUBR,LMG,TRIPURA,NSG-6,NSG-6,0,130861,130861,0,2690010,2690010,NSG-6
75,Galgalia,NFR,GAGA,KIR,BIHAR,NSG-6,NSG-6,0,97005,97005,0,2674120,2674120,NSG-6
76,Madarihat,NFR,MDT,APDJ,WEST BENGAL,NSG-6,NSG-6,963,49481,50444,372088,2284200,2656288,NSG-6
77,Kumarganj,NFR,KMRJ,KIR,WEST BENGAL,NSG-6,NSG-6,0,74113,74113,0,2642715,2642715,NSG-6
78,Kaithalkuchi,NFR,KTCH,RNY,ASSAM,NSG-6,NSG-6,,217091,217091,,2633310,2633310,NSG-6
79,Lakwa,NFR,LXA,TSK,ASSAM,NSG-6,NSG-6,930,56424,57354,321078,2210400,2531478,NSG-6
80,Nakachari,NFR,NCH,TSK,ASSAM,NSG-6,NSG-6,1322,53746,55068,336832,2162420,2499252,NSG-6
81,Adina,NFR,ADF,KIR,WEST BENGAL,NSG-6,NSG-6,138,70143,70281,39590,2411145,2450735,NSG-6
82,Tufanganj,NFR,TFGN,APDJ,WEST BENGAL,NSG-6,NSG-6,2302,27304,29606,708487,1683460,2391947,NSG-6
83,Rampur Bazar,NFR,RMPB,KIR,WEST BENGAL,NSG-6,NSG-6,2376,21186,23562,671437,1695865,2367302,NSG-6
84,Dilidiwanganj,NFR,DVJ,KIR,BIHAR,NSG-6,NSG-6,0,102190,102190,0,2327460,2327460,NSG-6
85,Churaibari,NFR,CBZ,LMG,ASSAM,NSG-6,NSG-6,954,78028,78982,228117,2078095,2306212,NSG-6
86,Sorupeta,NFR,SPQ,RNY,ASSAM,NSG-6,NSG-6,,116992,116992,,2275993,2275993,NSG-6
87,Pranpur Road,NFR,PQD,KIR,BIHAR,NSG-6,NSG-6,0,91947,91947,0,2231480,2231480,NSG-6
88,Archipathar,NFR,ACPR,TSK,ASSAM,NSG-6,NSG-6,0,40024,40024,0,2212340,2212340,NSG-6
89,Gumto,NFR,GMTO,RNY,ARUNACHALPRADES H,NSG-6,NSG-6,4783,1393,6176,2035956,149762,2185718,NSG-6
90,Old Malda,NFR,OMLF,KIR,WEST BENGAL,NSG-6,NSG-6,369,69749,70118,209311,1922195,2131506,NSG-6
91,Belakoba,NFR,BLK,KIR,WEST BENGAL,NSG-6,NSG-6,2029,94979,97008,958217,1164800,2123017,NSG-6
92,Lilabari,NFR,LBI,TSK,ASSAM,NSG-6,NSG-6,5,43200,43205,820,2064450,2065270,NSG-6
93,Jamunamukh,NFR,JMK,LMG,ASSAM,NSG-6,NSG-6,0,49882,49882,0,2003365,2003365,NSG-6
94,Coochbehar,NFR,COB,APDJ,WEST BENGAL,NSG-6,NSG-6,0,91704,91704,0,1991255,1991255,NSG-6
95,Patiladaha,NFR,PTLD,RNY,ASSAM,NSG-6,NSG-6,,81278,81278,,1977970,1977970,NSG-6
96,Dhansiri,NFR,DSR,LMG,ASSAM,NSG-6,NSG-6,3384,32229,35613,768156,1177055,1945211,NSG-6
97,Chalsa,NFR,CLD,APDJ,WEST BENGAL,NSG-6,NSG-6,1026,41833,42859,425863,1485275,1911138,NSG-6
98,Boginadi,NFR,BGND,TSK,ASSAM,NSG-6,NSG-6,50,34915,34965,11430,1844075,1855505,NSG-6
99,Chandranathpur,NFR,CNE,LMG,ASSAM,NSG-5,NSG-6,2779,23433,26212,804814,1035885,1840699,NSG-6
100,Changsari,NFR,CGS,RNY,ASSAM,NSG-6,NSG-6,195,77116,77311,79368,1760785,1840153,NSG-6
101,Jolaibari,NFR,JIBI,LMG,TRIPURA,NSG-5,NSG-6,0,78732,78732,0,1780100,1780100,NSG-6
102,Jogighopa,NFR,JPZ,RNY,ASSAM,NSG-6,NSG-6,,32243,32243,,1757447,1757447,NSG-6
103,Bihara,NFR,BHZ,LMG,ASSAM,NSG-6,NSG-6,2971,22126,25097,744306,986025,1730331,NSG-6
105,New Harangajao,NFR,NHGJ,LMG,ASSAM,NSG-6,NSG-6,1421,28317,29738,501384,1197110,1698494,NSG-6
106,Laimekuri,NFR,LMY,TSK,ASSAM,NSG-6,NSG-6,0,35429,35429,0,1698010,1698010,NSG-6
107,Sahja Halt,NFR,SAJH,KIR,BIHAR,NSG-6,NSG-6,0,70609,70609,0,1627735,1627735,NSG-6
108,Nilambazar,NFR,NLBR,LMG,ASSAM,NSG-6,NSG-6,289,51201,51490,65441,1555915,1621356,NSG-6
109,Malahar,NFR,MFZ,KIR,WEST BENGAL,NSG-6,NSG-6,0,54821,54821,0,1594430,1594430,NSG-6
110,Safrai,NFR,SFR,TSK,ASSAM,NSG-6,NSG-6,0,44617,44617,0,1579930,1579930,NSG-6
111,Mukuria,NFR,MFA,KIR,BIHAR,NSG-6,NSG-6,0,74253,74253,0,1576105,1576105,NSG-6
112,Oodlabari,NFR,ODB,APDJ,WEST BENGAL,NSG-6,NSG-6,0,56452,56452,0,1539795,1539795,NSG-6
113,Nagrakata,NFR,NKB,APDJ,WEST BENGAL,NSG-6,NSG-6,69,39633,39702,75144,1456655,1531799,NSG-6
114,Jorai,NFR,JOQ,APDJ,WEST BENGAL,NSG-6,NSG-6,0,35847,35847,0,1524305,1524305,NSG-6
115,Kuretha,NFR,KUQ,KIR,BIHAR,NSG-6,NSG-6,0,59912,59912,0,1497655,1497655,NSG-6
116,Jhaua,NFR,JAU,KIR,BIHAR,NSG-6,NSG-6,0,84686,84686,0,1453255,1453255,NSG-6
117,Chalkhoa,NFR,CKW,TSK,ASSAM,NSG-6,NSG-6,0,35449,35449,0,1451280,1451280,NSG-6
118,Hailakandi,NFR,HKD,LMG,ASSAM,NSG-6,NSG-6,0,111588,111588,0,1413250,1413250,NSG-6
119,Kanki,NFR,KKA,KIR,WEST BENGAL,NSG-6,NSG-6,0,51646,51646,0,1367515,1367515,NSG-6
120,Naojan,NFR,NJN,LMG,ASSAM,NSG-6,NSG-6,0,36845,36845,0,1354400,1354400,NSG-6
121,Milangarh,NFR,MQG,KIR,WEST BENGAL,NSG-6,NSG-6,0,50377,50377,0,1292735,1292735,NSG-6
122,Selenghat,NFR,SLX,TSK,ASSAM,NSG-6,NSG-6,0,35104,35104,0,1288425,1288425,NSG-6
123,Kurseong,NFR,KGN,KIR,WEST BENGAL,NSG-6,NSG-6,1786,0,1786,1275204,0,1275204,NSG-6
124,Sripani,NFR,SRPN,TSK,ASSAM,NSG-6,NSG-6,2,25417,25419,360,1218105,1218465,NSG-6
125,Rautara,NFR,RWA,KIR,BIHAR,NSG-6,NSG-6,0,52655,52655,0,1192450,1192450,NSG-6
126,Lalabazar,NFR,LLBR,LMG,ASSAM,NSG-4,NSG-6,0,73730,73730,0,1176670,1176670,NSG-6
127,Santir Bazar,NFR,STRB,LMG,TRIPURA,NSG-6,NSG-6,0,45735,45735,0,1160470,1160470,NSG-6
128,Maniyan,NFR,MIYN,KIR,BIHAR,NSG-6,NSG-6,0,36812,36812,0,1155710,1155710,NSG-6
129,Dam Dim,NFR,DDM,APDJ,WEST BENGAL,NSG-6,NSG-6,0,41213,41213,0,1144825,1144825,NSG-6
130,Kendukana,NFR,KDKN,RNY,ASSAM,NSG-6,NSG-6,,176281,176281,,1120500,1120500,NSG-6
131,Katlicherra,NFR,KLCR,LMG,ASSAM,NSG-6,NSG-6,0,57066,57066,0,1102385,1102385,NSG-6
132,Ditokcherra,NFR,DTC,LMG,ASSAM,NSG-6,NSG-6,187,29929,30116,46804,1053000,1099804,NSG-6
133,Dudhnoi,NFR,DDNI,RNY,ASSAM,NSG-6,NSG-6,,30379,30379,,1091024,1091024,NSG-6
134,Chautara,NFR,CROA,APDJ,ASSAM,NSG-6,NSG-6,0,28622,28622,0,1036555,1036555,NSG-6
135,Hilara,NFR,HLX,LMG,ASSAM,NSG-6,NSG-6,790,20139,20929,172259,861040,1033299,NSG-6
136,Senchoa Jn.,NFR,SCE,LMG,ASSAM,NSG-6,NSG-6,0,28619,28619,0,1016380,1016380,NSG-6
137,Lamsakhang,NFR,LKG,LMG,ASSAM,NSG-6,NSG-6,0,26625,26625,0,1011425,1011425,NSG-6
138,Garjee,NFR,JRJE,LMG,TRIPURA,NSG-6,NSG-6,0,37286,37286,0,989320,989320,NSG-6
139,Ranipatra,NFR,RNX,KIR,BIHAR,NSG-6,NSG-6,0,37930,37930,0,983805,983805,NSG-6
140,Jamira,NFR,JMRA,LMG,ASSAM,NSG-6,NSG-6,0,53073,53073,0,979165,979165,NSG-6
141,Kalkalighat,NFR,KKGT,LMG,ASSAM,NSG-6,NSG-6,141,30609,30750,30610,935335,965945,NSG-6
142,Azara,NFR,AZA,RNY,ASSAM,NSG-6,NSG-6,,25685,25685,,964383,964383,NSG-6
143,Chongajan,NFR,CJA,LMG,ASSAM,NSG-6,NSG-6,0,27321,27321,0,960240,960240,NSG-6
144,Dalan,NFR,DLF,KIR,BIHAR,NSG-6,NSG-6,0,36388,36388,0,920570,920570,NSG-6
145,Salakati,NFR,SLKX,APDJ,ASSAM,NSG-6,NSG-6,0,21310,21310,0,911055,911055,NSG-6
146,Ambari Falakata,NFR,ABFC,KIR,WEST BENGAL,NSG-6,NSG-6,0,79319,79319,0,888665,888665,NSG-6
147,Dandkhora,NFR,DNQ,KIR,BIHAR,NSG-6,NSG-6,0,52451,52451,0,863075,863075,NSG-6
148,Cinamara,NFR,CMA,TSK,ASSAM,NSG-6,NSG-6,753,10532,11285,307917,549435,857352,NSG-6
149,Chariali,NFR,CGF,TSK,ASSAM,NSG-6,NSG-6,0,23464,23464,0,855675,855675,NSG-6
150,Sivok,NFR,SVQ,APDJ,WEST BENGAL,NSG-6,NSG-6,81,23623,23704,31069,819080,850149,NSG-6
151,Bagrakot,NFR,BRQ,APDJ,WEST BENGAL,NSG-6,NSG-6,0,28706,28706,0,844630,844630,NSG-6
152,Mairabari,NFR,MBO,LMG,ASSAM,NSG-6,NSG-6,0,36277,36277,0,817135,817135,NSG-6
153,Bishalgarh,NFR,BLGH,LMG,TRIPURA,NSG-6,NSG-6,0,46714,46714,0,807535,807535,NSG-6
154,Srirampur (Assam),NFR,SRPB,APDJ,ASSAM,NSG-6,NSG-6,0,21329,21329,0,801300,801300,NSG-6
155,Basbari,NFR,BSI,APDJ,ASSAM,HG-3,NSG-6,0,12856,12856,0,780350,780350,NSG-6
156,Rangjuli,NFR,RGJI,RNY,ASSAM,NSG-6,NSG-6,,20955,20955,,774645,774645,NSG-6
157,Kamarbandha,NFR,KXL,TSK,ASSAM,NSG-6,NSG-6,0,21958,21958,0,773470,773470,NSG-6
158,Jamguri,NFR,JMI,LMG,ASSAM,NSG-6,NSG-6,0,19593,19593,0,762365,762365,NSG-6
159,Malbazar,NFR,MLBZ,APDJ,WEST BENGAL,NSG-6,NSG-6,0,30950,30950,0,758160,758160,NSG-6
160,Baihata,NFR,BIZ,RNY,ASSAM,NSG-6,NSG-6,,93542,93542,,723372,723372,NSG-6
161,Dhupdhara,NFR,DPRA,RNY,ASSAM,NSG-6,NSG-6,,22601,22601,,717002,717002,NSG-6
162,Raha,NFR,RAHA,LMG,ASSAM,NSG-6,NSG-6,0,26233,26233,0,712075,712075,NSG-6
163,Bamunigaon,NFR,BMGN,RNY,ASSAM,NSG-6,NSG-6,,27913,27913,,710573,710573,NSG-6
164,Digaru,NFR,DGU,LMG,ASSAM,NSG-6,NSG-6,0,25380,25380,0,700680,700680,NSG-6
165,Adhikari,NFR,ADQ,KIR,WEST BENGAL,NSG-6,NSG-6,0,40656,40656,0,691965,691965,NSG-6
166,Rupaigaon,NFR,RUP,LMG,ASSAM,NSG-6,NSG-6,0,32947,32947,0,688885,688885,NSG-6
167,Panchratna,NFR,PNVT,RNY,ASSAM,NSG-6,NSG-6,,13411,13411,,671876,671876,NSG-6
168,Phakhoagarm,NFR,PKGM,LMG,ASSAM,NSG-6,NSG-6,0,49900,49900,0,652000,652000,NSG-6
169,Dewanhat,NFR,DWT,APDJ,WEST BENGAL,NSG-6,NSG-6,0,27965,27965,0,648035,648035,NSG-6
170,Bhalukmora,NFR,BLMR,TSK,ASSAM,NSG-6,NSG-6,624,8216,8840,230952,406930,637882,NSG-6
171,Amoni,NFR,AONI,LMG,ASSAM,NSG-6,NSG-6,0,11281,11281,0,634440,634440,NSG-6
172,Alipurduar,NFR,APD,APDJ,WEST BENGAL,NSG-6,NSG-6,0,31843,31843,0,628130,628130,NSG-6
173,Langting,NFR,LGT,LMG,ASSAM,NSG-5,NSG-6,317,10015,10332,67512,515415,582927,NSG-6
174,Raja Bhat Khawa,NFR,RVK,APDJ,WEST BENGAL,NSG-6,NSG-6,319,8096,8415,132538,450070,582608,NSG-6
175,Siluguri Town,NFR,SGUT,KIR,WEST BENGAL,NSG-6,NSG-6,244,41286,41530,44703,530995,575698,NSG-6
176,Carron,NFR,CRX,APDJ,WEST BENGAL,NSG-6,NSG-6,0,13341,13341,0,559175,559175,NSG-6
177,Chaygaon,NFR,CGON,RNY,ASSAM,NSG-6,NSG-6,,43036,43036,,556798,556798,NSG-6
178,Khongsang,NFR,KGBP,LMG,MANIP UR,NSG-6,NSG-6,3828,0,3828,547190,0,547190,NSG-6
179,Singra,NFR,SNCA,RNY,ASSAM,NSG-6,NSG-6,,22719,22719,,543238,543238,NSG-6
180,Lataguri,NFR,LTG,APDJ,WEST BENGAL,NSG-6,NSG-6,0,19441,19441,0,542930,542930,NSG-6
181,Bhairabi,NFR,BHRB,LMG,ASSAM,NSG-6,NSG-6,0,25493,25493,0,535100,535100,NSG-6
182,Surjakamal,NFR,SJKL,KIR,WEST BENGAL,NSG-6,NSG-6,0,18857,18857,0,534615,534615,NSG-6
183,New Changrabandha,NFR,NCBD,APDJ,WEST BENGAL,NSG-6,NSG-6,0,13507,13507,0,501500,501500,NSG-6
184,Gulma,NFR,GLMA,APDJ,WEST BENGAL,NSG-6,NSG-6,0,16453,16453,0,490970,490970,NSG-6
185,Kamrupkhetri,NFR,KKET,LMG,ASSAM,NSG-6,NSG-6,0,34119,34119,0,490835,490835,NSG-6
186,Boko,NFR,BOKO,RNY,ASSAM,NSG-6,NSG-6,,20422,20422,,481503,481503,NSG-6
187,Maynaguriroad,NFR,MYGD,APDJ,WEST BENGAL,NSG-6,NSG-6,0,15096,15096,0,472005,472005,NSG-6
188,Panjipara,NFR,PJP,KIR,WEST BENGAL,NSG-6,NSG-6,0,24312,24312,0,467620,467620,NSG-6
189,Mirza,NFR,MRZA,RNY,ASSAM,NSG-6,NSG-6,,29915,29915,,452799,452799,NSG-6
190,Mujnai,NFR,MJE,APDJ,WEST BENGAL,NSG-6,NSG-6,0,9404,9404,0,444990,444990,NSG-6
191,Baradighi,NFR,BDS,APDJ,WEST BENGAL,NSG-6,NSG-6,0,17983,17983,0,428830,428830,NSG-6
192,Krishnai,NFR,KRNI,RNY,ASSAM,NSG-6,NSG-6,,9931,9931,,427945,427945,NSG-6
193,Boxirhat,NFR,BXHT,APDJ,ASSAM,NSG-6,NSG-6,0,8070,8070,0,426650,426650,NSG-6
194,Barlongfer,NFR,BRLF,LMG,ASSAM,NSG-6,NSG-6,0,11607,11607,0,415720,415720,NSG-6
195,Bindukuri,NFR,BKTB,RNY,ASSAM,NSG-6,NSG-6,,13247,13247,,410865,410865,NSG-6
196,Agthori,NFR,AGT,LMG,ASSAM,NSG-4,NSG-6,0,15315,15315,0,408720,408720,NSG-6
197,Tinmile Hat,NFR,TMH,KIR,WEST BENGAL,NSG-6,NSG-6,0,8320,8320,0,407920,407920,NSG-6
198,Lahowal,NFR,LHL,TSK,ASSAM,NSG-6,NSG-6,0,10715,10715,0,407370,407370,NSG-6
199,Thakurkuchi,NFR,TKC,LMG,ASSAM,NSG-6,NSG-6,0,57476,57476,0,403690,403690,NSG-6
200,New Gitaldaha,NFR,NGTG,APDJ,WEST BENGAL,NSG-6,NSG-6,0,27235,27235,0,393965,393965,NSG-6
201,Khandikar,NFR,KYO,RNY,ASSAM,NSG-6,NSG-6,,20330,20330,,393100,393100,NSG-6
202,Bazarghat Halt,NFR,BZGT,LMG,ASSAM,NSG-6,NSG-6,0,28600,28600,0,390000,390000,NSG-6
203,Jugijan,NFR,JGJN,LMG,ASSAM,NSG-6,NSG-6,0,9066,9066,0,388825,388825,NSG-6
204,Bhanga,NFR,BXG,LMG,ASSAM,NSG-5,NSG-6,119,11851,11970,26982,346140,373122,NSG-6
205,Dharamtul,NFR,DML,LMG,ASSAM,NSG-5,NSG-6,0,17613,17613,0,366730,366730,NSG-6
206,Amjonga,NFR,AMGA,RNY,ASSAM,NSG-6,NSG-6,,9828,9828,,362595,362595,NSG-6
207,Tipkai,NFR,TPK,APDJ,ASSAM,HG-3,NSG-6,0,8893,8893,0,349010,349010,NSG-6
208,Rangapani,NFR,RNI,KIR,WEST BENGAL,NSG-6,NSG-6,0,5263,5263,0,346375,346375,NSG-6
209,Chaprakata,NFR,CPQ,RNY,ASSAM,NSG-6,NSG-6,,11898,11898,,339167,339167,NSG-6
210,Narangi,NFR,NNGE,LMG,ASSAM,NSG-6,NSG-6,0,18001,18001,0,337095,337095,NSG-6
211,Chabua,NFR,CHB,TSK,ASSAM,NSG-6,NSG-6,0,8933,8933,0,336850,336850,NSG-6
212,Samuktala Road,NFR,SMTA,APDJ,WEST BENGAL,NSG-6,NSG-6,0,8139,8139,0,330145,330145,NSG-6
213,Domohani,NFR,DOI,APDJ,WEST BENGAL,NSG-6,NSG-6,0,20002,20002,0,326685,326685,NSG-6
214,Manderdisa,NFR,MYD,LMG,ASSAM,NSG-6,NSG-6,252,873,1125,280195,44850,325045,NSG-6
215,Jatinga Lumpur,NFR,JGLP,LMG,ASSAM,NSG-6,NSG-6,158,5977,6135,50406,273125,323531,NSG-6
216,Aujuri,NFR,AJRE,LMG,ASSAM,NSG-6,NSG-6,0,18564,18564,0,319115,319115,NSG-6
217,Bishramganj,NFR,BHRM,LMG,TRIPURA,NSG-6,NSG-6,0,15704,15704,0,317475,317475,NSG-6
218,Agomoni,NFR,AGMN,APDJ,ASSAM,NSG-6,NSG-6,0,6113,6113,0,311720,311720,NSG-6
219,Numaligarh,NFR,NMGY,TSK,ASSAM,NSG-6,NSG-6,252,3302,3554,90516,204600,295116,NSG-6
220,Jiribam,NFR,JRBM,LMG,MANIPUR,NSG-6,NSG-6,1724,968,2692,271876,18225,290101,NSG-6
221,Nailalung,NFR,NLN,LMG,ASSAM,NSG-6,NSG-6,0,9298,9298,0,287840,287840,NSG-6
222,Majgaon Assam,NFR,MZQ,RNY,ASSAM,NSG-6,NSG-6,,4488,4488,,281655,281655,NSG-6
223,Habaipur,NFR,HWX,LMG,ASSAM,NSG-6,NSG-6,0,6372,6372,0,280320,280320,NSG-6
224,Raninagar Jalpaiguri,NFR,RQJ,KIR,WEST BENGAL,NSG-6,NSG-6,0,29070,29070,0,279455,279455,NSG-6
225,Bhilgaon,NFR,BHGN,LMG,ASSAM,NSG-6,NSG-6,0,7480,7480,0,276100,276100,NSG-6
226,New Baneswar,NFR,NBS,APDJ,WEST BENGAL,NSG-6,NSG-6,0,6098,6098,0,265805,265805,NSG-6
227,Hatikhali,NFR,HTL,LMG,ASSAM,NSG-6,NSG-6,87,4092,4179,22643,230715,253358,NSG-6
228,Mangurjan,NFR,MXJ,KIR,WEST BENGAL,NSG-6,NSG-6,0,15903,15903,0,250885,250885,NSG-6
229,Chapaguri,NFR,CAPG,APDJ,WEST BENGAL,NSG-6,NSG-6,0,7930,7930,0,250885,250885,NSG-6
230,Bandarkhal,NFR,BXK,LMG,ASSAM,NSG-6,NSG-6,115,4491,4606,29554,218765,248319,NSG-6
231,Algapur,NFR,ALGP,LMG,ASSAM,NSG-6,NSG-6,0,21571,21571,0,248185,248185,NSG-6
232,Ramnathpur,NFR,RTRA,LMG,ASSAM,NSG-6,NSG-6,0,12750,12750,0,243940,243940,NSG-6
233,Salona,NFR,SLON,LMG,ASSAM,NSG-6,NSG-6,0,4312,4312,0,213720,213720,NSG-6
234,Langcholie T,NFR,LCT,LMG,ASSAM,NSG-6,NSG-6,0,6130,6130,0,212790,212790,NSG-6
235,Jamalda Gopalpur,NFR,JDGP,APDJ,WEST BENGAL,NSG-6,NSG-6,0,6521,6521,0,210355,210355,NSG-6
236,Khotkhoti,NFR,KHKT,LMG,ASSAM,NSG-6,NSG-6,0,5943,5943,0,208980,208980,NSG-6
237,Tilbhum,NFR,TBX,LMG,ASSAM,NSG-6,NSG-6,0,15366,15366,0,208525,208525,NSG-6
238,Chatarhat,NFR,CAT,KIR,WEST BENGAL,NSG-6,NSG-6,0,4078,4078,0,200965,200965,NSG-6
239,Dhaipukhuri,NFR,DHRY,LMG,ASSAM,NSG-6,NSG-6,0,4499,4499,0,197955,197955,NSG-6
240,Sukritipur,NFR,SQF,LMG,ASSAM,NSG-5,NSG-6,80,4099,4179,19262,175040,194302,NSG-6
241,Dumdangi,NFR,DMZ,KIR,WEST BENGAL,NSG-6,NSG-6,0,3961,3961,0,186440,186440,NSG-6
242,Panikhaiti,NFR,PHI,LMG,ASSAM,NSG-6,NSG-6,0,7098,7098,0,179495,179495,NSG-6
243,Tingrai,NFR,TII,TSK,ASSAM,NSG-6,NSG-6,0,5085,5085,0,175950,175950,NSG-6
244,Maradanga,NFR,MRDG,APDJ,WEST BENGAL,NSG-6,NSG-6,0,3984,3984,0,174005,174005,NSG-6
245,Panbari,NFR,PNB,LMG,ASSAM,NSG-6,NSG-6,0,10128,10128,0,172130,172130,NSG-6
246,Baneswar,NFR,BSW,APDJ,WEST BENGAL,NSG-6,NSG-6,0,14473,14473,0,170255,170255,NSG-6
247,Kharahat,NFR,KRHT,TSK,ASSAM,HG-3,NSG-6,0,5310,5310,0,164610,164610,NSG-6
248,Panitola,NFR,PNT,TSK,ASSAM,NSG-6,NSG-6,0,4164,4164,0,149390,149390,NSG-6
249,Daldali,NFR,DLDE,LMG,ASSAM,NSG-6,NSG-6,0,4407,4407,0,147935,147935,NSG-6
250,Bhalukpong,NFR,BHNG,RNY,ARUNACHAL PRADESH,NSG-6,NSG-6,,11827,11827,,146970,146970,NSG-6
251,Mungiakami,NFR,MGKM,LMG,TRIPURA,NSG-6,NSG-6,26,10608,10634,3968,140430,144398,NSG-6
252,Salbari,NFR,SXX,APDJ,WEST BENGAL,NSG-6,NSG-6,0,3199,3199,0,141725,141725,NSG-6
253,Tangani,NFR,TNGN,TSK,ASSAM,NSG-6,NSG-6,0,3115,3115,0,136410,136410,NSG-6
254,Misamari,NFR,MSMI,RNY,ASSAM,NSG-6,NSG-6,,8098,8098,,127540,127540,NSG-6
255,Dangtal,NFR,DTX,RNY,ASSAM,NSG-6,NSG-6,0,2853,2853,0,127180,127180,NSG-6
256,Barahu,NFR,BRHU,LMG,ASSAM,NSG-6,NSG-6,0,10172,10172,0,126260,126260,NSG-6
257,Deotal,NFR,DOTL,KIR,WEST BENGAL,NSG-6,NSG-6,0,4727,4727,0,123030,123030,NSG-6
258,Dikom,NFR,DKM,TSK,ASSAM,NSG-6,NSG-6,0,3287,3287,0,121310,121310,NSG-6
259,Salchapra,NFR,SCA,LMG,ASSAM,NSG-4,NSG-6,0,10485,10485,0,114305,114305,NSG-6
260,Betgara,NFR,BYXA,APDJ,WEST BENGAL,NSG-6,NSG-6,0,3149,3149,0,111460,111460,NSG-6
261,Rangapahar,NFR,RXR,LMG,NAGALAND,NSG-6,NSG-6,0,3151,3151,0,106000,106000,NSG-6
262,New Sissiborgaon,NFR,NSBG,TSK,ASSAM,NSG-6,NSG-6,0,2691,2691,0,100880,100880,NSG-6
263,Hatwar,NFR,HWR,KIR,WEST BENGAL,NSG-6,NSG-6,0,5197,5197,0,98705,98705,NSG-6
264,Daotuhaja,NFR,DJA,LMG,ASSAM,NSG-6,NSG-6,77,1847,1924,17288,76310,93598,NSG-6
265,Gaisal,NFR,GIL,KIR,WEST BENGAL,NSG-6,NSG-6,0,5137,5137,0,93160,93160,NSG-6
266,Gumanihat,NFR,GUZ,APDJ,WEST BENGAL,NSG-6,NSG-6,0,2027,2027,0,90710,90710,NSG-6
267,Kolaigram,NFR,KLGR,APDJ,WEST BENGAL,NSG-6,NSG-6,0,1766,1766,0,79710,79710,NSG-6
268,Gunjaria,NFR,GEOR,KIR,WEST BENGAL,NSG-6,NSG-6,0,4610,4610,0,72685,72685,NSG-6
269,Dhamalgaon,NFR,DMGN,TSK,ASSAM,NSG-6,NSG-6,0,1902,1902,0,70405,70405,NSG-6
270,Migrendisa,NFR,MGE,LMG,ASSAM,NSG-6,NSG-6,97,998,1095,21719,48660,70379,NSG-6
271,Thakurbari,NFR,TKTB,RNY,ASSAM,NSG-6,NSG-6,,5296,5296,,69770,69770,NSG-6
272,Thekeraguri,NFR,TGE,LMG,ASSAM,NSG-6,NSG-6,0,3582,3582,0,63495,63495,NSG-6
273,Altagram,NFR,ATM,APDJ,WEST BENGAL,NSG-6,NSG-6,0,1454,1454,0,61130,61130,NSG-6
274,Tetelia,NFR,TTLA,LMG,ASSAM,NSG-6,NSG-6,0,4915,4915,0,47795,47795,NSG-6
275,New Domohani,NFR,NQH,APDJ,WEST BENGAL,NSG-6,NSG-6,0,911,911,0,39725,39725,NSG-6
276,Panchgram,NFR,PNGM,LMG,ASSAM,NSG-6,NSG-6,0,2704,2704,0,27935,27935,NSG-6
277,Damchara,NFR,DCA,LMG,ASSAM,NSG-6,NSG-6,105,18,123,27203,515,27718,NSG-6
278,Kowang,NFR,KOWN,TSK,ASSAM,NSG-6,NSG-6,0,1071,1071,0,25835,25835,NSG-6
279,Mupa,NFR,MUPA,LMG,ASSAM,NSG-6,NSG-6,13,14,27,3035,580,3615,NSG-6
280,Phiding,NFR,PDJ,LMG,ASSAM,NSG-6,NSG-6,10,9,19,1895,375,2270,NSG-6
281,Ranigaidinliu,NFR,RGBP,LMG,MANIPUR,-,NSG-6,8,0,8,2020,0,2020,NSG-6
282,Jirighat,NFR,JIGT,LMG,ASSAM,NSG-6,NSG-6,0,101,101,0,1520,1520,NSG-6
283,Dihakho,NFR,DKE,LMG,ASSAM,NSG-6,NSG-6,8,1,9,1160,90,1250,NSG-6
284,Vangaichungpao,NFR,VNGP,LMG,MANIP UR,NSG-6,NSG-6,6,0,6,575,0,575,NSG-6
285,Patharkhola,NFR,PKB,LMG,ASSAM,NSG-6,NSG-6,0,9,9,0,370,370,NSG-6
286,Nizbari,NFR,NJB,KIR,WEST BENGAL,NSG-6,NSG-6,0,6,6,0,365,365,NSG-6
287,Pundibari,NFR,PQZ,APDJ,WEST BENGAL,NSG-6,NSG-6,0,14,14,0,310,310,NSG-6
288,Thingou,NFR,TGBP,LMG,MANIPUR,-,NSG-6,2,0,2,190,0,190,NSG-6
289,Laopani,NFR,LPN,LMG,ASSAM,NSG-6,NSG-6,0,2,2,0,60,60,NSG-6
290,Sajerpar,NFR,SJRR,APDJ,WEST BENGAL,NSG-6,NSG-6,0,1,1,0,45,45,NSG-6
291,Rangaphar Crossing,NFR,RXRX,LMG,NAGALAND,NSG-6,NSG-6,0,1,1,0,10,10,NSG-6
292,Gayabari,NFR,GBE,KIR,WEST BENGAL,NSG-6,NSG-6,0,0,,0,0,0,NSG-6
293,Ghum,NFR,GHUM,KIR,WEST BENGAL,NSG-6,NSG-6,0,0,,0,0,0,NSG-6
294,Mahanadi,NFR,MHN,KIR,WEST BENGAL,NSG-6,NSG-6,0,0,,0,0,0,NSG-6
295,Rangtonk,NFR,RTG,KIR,WEST BENGAL,NSG-6,NSG-6,0,0,,0,0,0,NSG-6
296,Sonada,NFR,SAD,KIR,WEST BENGAL,NSG-6,NSG-6,0,0,,0,0,0,NSG-6
297,Sukna,NFR,SN,KIR,WEST BENGAL,NSG-6,NSG-6,0,0,,0,0,0,NSG-6
298,Singhabad,NFR,SQB,KIR,WEST BENGAL,NSG-6,NSG-6,0,0,,0,0,0,NSG-6
299,Tindharia,NFR,TDH,KIR,WEST BENGAL,NSG-6,NSG-6,0,0,,0,0,0,NSG-6
300,Tung,NFR,TUNG,KIR,WEST BENGAL,NSG-6,NSG-6,0,0,,0,0,0,NSG-6
301,Badarpurgh,NFR,BPG,LMG,ASSAM,NSG-6,NSG-6,0,0,,0,0,0,NSG-6
302,Chargola,NFR,CGX,LMG,ASSAM,NSG-6,NSG-6,0,0,,0,0,0,NSG-6
303,Dibolong,NFR,DBLG,LMG,ASSAM,NSG-6,NSG-6,0,0,,0,0,0,NSG-6
304,Kamranga,NFR,KMNG,LMG,ASSAM,NSG-6,NSG-6,0,0,,0,0,0,NSG-6
305,New Silchar,NFR,NSCL,LMG,ASSAM,NSG-6,NSG-6,0,0,,0,0,0,NSG-6
306,Oating,NFR,OTN,LMG,ASSAM,NSG-6,NSG-6,0,0,,0,0,0,NSG-6
307,Shribar,NFR,SIBR,LMG,ASSAM,NSG-6,NSG-6,0,0,,0,0,0,NSG-6
308,Alamganj,NFR,ALMG,RNY,ASSAM,NA,NSG-6,,0,,,0,0,NSG-6
309,Bechimari,NFR,BCMR,RNY,ASSAM,NA,NSG-6,,0,,,0,0,NSG-6
310,Bogribari,NFR,BGBI,RNY,ASSAM,NA,NSG-6,,0,,,0,0,NSG-6
311,Bilasipara,NFR,BLPA,RNY,ASSAM,NA,NSG-6,,0,,,0,0,NSG-6
312,Chapar,NFR,CHAA,RNY,ASSAM,NA,NSG-6,,0,,,0,0,NSG-6
313,Lapetkata,NFR,LPK,TSK,ASSAM,NSG-6,NSG-6,0,0,,0,0,0,NSG-6
314,Sripuriagaon,NFR,SPGN,TSK,ASSAM,NSG-6,NSG-6,0,0,,0,0,0,NSG-6
1,Jogendranagar,NFR,JGNR,LMG,TRIPURA,HG-3,NSG-6,671,174966,175637,129693,4534785,4664478,HG-2
2,Dullabcherra,NFR,DLCR,LMG,ASSAM,HG-3,NSG-6,6993,45984,52977,2339724,703410,3043134,HG2
3,Bordubi Road,NFR,BDT,TSK,ASSAM,NSG-6,NSG-6,0,47242,47242,0,1732175,1732175,HG-2
5,Nazira,NFR,NZR,TSK,ASSAM,NSG-6,NSG-6,0,37568,37568,0,1375315,1375315,HG-2
6,Thailiktwisa,NFR,THTW,LMG,TRIPURA,HG-3,NSG-6,0,71912,71912,0,1304910,1304910,HG2
8,Moterjhar,NFR,MTJR,APDJ,ASSAM,HG-2,NSG-6,0,14507,14507,0,1085715,1085715,HG-2
9,Uttarkathani,NFR,UKE,RNY,ASSAM,HG-2,NSG-6,,24192,24192,,1031515,1031515,HG-2
11,Bedetti,NFR,BVV,RNY,ASSAM,HG-2,NSG-6,,18334,18334,,926058,926058,HG-2
12,Samaguri,NFR,SMGR,LMG,ASSAM,HG-3,NSG-6,0,16483,16483,0,882740,882740,HG2
16,Mezenga,NFR,MZA,TSK,ASSAM,NSG-6,NSG-6,0,21334,21334,0,747055,747055,HG-2
18,Garoparahalt,NFR,GRU,APDJ,WEST BENGAL,HG-2,NSG-6,0,13501,13501,0,684925,684925,HG-2
19,Jonekarang,NFR,JYK,TSK,ASSAM,HG-3,NSG-6,2,12894,12896,540,677815,678355,HG-2
20,Balimara,NFR,BTZ,TSK,ASSAM,HG-3,NSG-6,0,20464,20464,0,649840,649840,HG-2
23,Hugrajuli,NFR,HJLI,RNY,ASSAM,HG-3,NSG-6,,47852,47852,,621853,621853,HG-2
25,Siajuli,NFR,SWJ,TSK,ASSAM,HG-2,NSG-6,3,13271,13274,575,610855,611430,HG-2
26,Manshahi,NFR,MNS,KIR,BIHAR,HG-3,NSG-6,663,13130,13793,124430,458600,583030,HG-2
27,Mahiyarpur,NFR,MHPR,KIR,BIHAR,HG-3,NSG-6,509,15581,16090,109200,467430,576630,HG-2
28,Tipling,NFR,TPG,RNY,ASSAM,HG-3,NSG-6,,13049,13049,,576039,576039,HG-2
29,Bebejia,NFR,BEE,LMG,ASSAM,HG-3,NSG-6,0,18071,18071,0,557615,557615,HG2
30,Belsiri,NFR,BLRE,RNY,ASSAM,HG-3,NSG-6,,37726,37726,,552890,552890,HG-2
31,Anipur,NFR,APU,LMG,ASSAM,HG-3,NSG-6,0,45427,45427,0,541120,541120,HG2
32,Dhingbazar,NFR,DBZ,LMG,ASSAM,HG-3,NSG-6,0,17757,17757,0,507925,507925,HG2
1,Nalkata,NFR,NLKT,LMG,TRIPURA,HG-3,NSG-6,877,15014,15891,192834,304570,497404,HG-3
2,Brahmajan,NFR,BJL,RNY,ASSAM,HG-3,NSG-6,,9824,9824,,495080,495080,HG-3
4,Guagachha,NFR,GSA,RNY,ASSAM,HG-2,NSG-6,,25080,25080,,489055,489055,HG-3
5,Puranigudam,NFR,PUQ,LMG,ASSAM,HG-3,NSG-6,0,9206,9206,0,486085,486085,HG-3
6,Juriagaon,NFR,JRX,LMG,ASSAM,HG-3,NSG-6,0,20799,20799,0,469515,469515,HG-3
7,Sekerkote,NFR,SKKE,LMG,TRIPURA,HG-3,NSG-6,0,25197,25197,0,432100,432100,HG-3
8,Niz-Sariha,NFR,NSRH,RNY,ASSAM,HG-2,NSG-6,,17676,17676,,419355,419355,HG-3
9,Batadrawa Road,NFR,BTDR,LMG,ASSAM,HG-3,NSG-6,0,19510,19510,0,414190,414190,HG-3
10,Balikotia,NFR,BKS,LMG,ASSAM,HG-3,NSG-6,0,18980,18980,0,391465,391465,HG-3
11,Moridhal,NFR,MYO,TSK,ASSAM,HG-3,NSG-6,0,7949,7949,0,389360,389360,HG-3
13,Tarabari,NFR,TRBE,LMG,ASSAM,HG-3,NSG-6,0,19050,19050,0,368900,368900,HG-3
14,Abutara Halt,NFR,ABW,APDJ,WEST BENGAL,HG-2,NSG-6,0,24162,24162,0,361050,361050,HG-3
17,Subansiri,NFR,SUZ,TSK,ASSAM,HG-3,NSG-6,8,6626,6634,1680,343365,345045,HG-3
18,Ratabari,NFR,RTBR,LMG,ASSAM,HG-3,NSG-6,0,28350,28350,0,343740,343740,HG-3
19,Boruanagar,NFR,BRNR,TSK,ASSAM,HG-3,NSG-6,0,9122,9122,0,313905,313905,HG-3
21,Nayarhat,NFR,NYRH,APDJ,WEST BENGAL,HG-3,NSG-6,0,9871,9871,0,308755,308755,HG-3
23,Dahgaon,NFR,DGX,LMG,ASSAM,HG-3,NSG-6,0,14225,14225,0,306400,306400,HG-3
24,Bargolai,NFR,BGLI,TSK,ASSAM,HG-3,NSG-6,0,7181,7181,0,298120,298120,HG-3
25,Daulatpurhat,NFR,DLPH,KIR,WEST BENGAL,HG-3,NSG-6,425,10167,10592,136900,151470,288370,HG-3
26,Mallickpurhat,NFR,MKRH,KIR,WEST BENGAL,HG-3,NSG-6,142,6941,7083,50843,216760,267603,HG-3
28,Monabari,NFR,MFC,RNY,ASSAM,HG-3,NSG-6,,4930,4930,,263550,263550,HG-3
31,Bhetaguri,NFR,VTG,APDJ,WEST BENGAL,HG-2,NSG-6,0,15915,15915,0,236300,236300,HG-3
32,Jiadhal,NFR,JFD,TSK,ASSAM,HG-3,NSG-6,0,5098,5098,0,228115,228115,HG-3
33,Kanaibazar,NFR,KNBR,LMG,ASSAM,HG-3,NSG-6,0,17972,17972,0,221990,221990,HG-3
35,Falimari,NFR,FLM,APDJ,WEST BENGAL,HG-2,NSG-6,0,13736,13736,0,218205,218205,HG-3
37,Dinhata College Halt,NFR,DCH,APDJ,WEST BENGAL,HG-2,NSG-6,0,13291,13291,0,210625,210625,HG-3
38,Phulaguri,NFR,PUY,LMG,ASSAM,HG-3,NSG-6,0,8174,8174,0,209420,209420,HG-3
40,Eraligul,NFR,ELL,LMG,ASSAM,HG-3,NSG-6,0,16611,16611,0,184850,184850,HG-3
41,Chakiting,NFR,CFG,TSK,ASSAM,NSG-6,NSG-6,0,5203,5203,0,177650,177650,HG-3
42,Dipa,NFR,DIPA,TSK,ASSAM,HG-3,NSG-6,0,3268,3268,0,175510,175510,HG-3
44,Alipurduar Court,NFR,APDC,APDJ,WEST BENGAL,HG-2,NSG-6,0,12683,12683,0,171250,171250,HG-3
46,Tunijan,NFR,TUJ,RNY,ASSAM,HG-3,NSG-6,,3581,3581,,156600,156600,HG-3
49,Monacher Ra,NFR,MNCR,LMG,ASSAM,HG-3,NSG-6,0,11220,11220,0,151240,151240,HG-3
50,Nadiapur,NFR,NPU,LMG,TRIPURA,HG-3,NSG-6,0,9753,9753,0,140935,140935,HG-3
53,Badulipara,NFR,BLPR,TSK,ASSAM,HG-3,NSG-6,424,0,424,113539,0,113539,HG-3
54,Khumtai,NFR,KUTI,TSK,ASSAM,HG-3,NSG-6,411,0,411,107613,0,107613,HG-3
55,Monglajhora,NFR,MONJ,APDJ,ASSAM,HG-3,NSG-6,0,3040,3040,0,94250,94250,HG-3
56,Rangaliting,NFR,RNGG,TSK,ASSAM,HG-3,NSG-6,334,0,334,83624,0,83624,HG-3
57,Neoranadi,NFR,NOR,APDJ,WEST BENGAL,HG-3,NSG-6,0,5661,5661,0,76910,76910,HG-3
58,Longai,NFR,LGI,LMG,ASSAM,NSG-6,NSG-6,0,5338,5338,0,68350,68350,HG-3
59,Sepon,NFR,SEPN,TSK,ASSAM,HG-3,NSG-6,0,2550,2550,0,68250,68250,HG-3
60,Kayasthagram,NFR,KTGM,LMG,ASSAM,HG-3,NSG-6,0,4750,4750,0,60250,60250,HG-3
62,Suprakandi,NFR,SAKD,LMG,ASSAM,HG-3,NSG-6,0,4070,4070,0,56725,56725,HG-3
63,Mahamadpur-Assam,NFR,MPRA,LMG,ASSAM,HG-3,NSG-6,0,3706,3706,0,55010,55010,HG-3
64,Sisibargaon,NFR,SBGN,TSK,ASSAM,HG-3,NSG-6,1,1155,1156,180,53550,53730,HG-3
65,Moabund,NFR,MOBD,TSK,ASSAM,HG-3,NSG-6,159,0,159,41150,0,41150,HG-3
66,Nolbari,NFR,NOLB,RNY,ASSAM,HG-3,NSG-6,,1500,1500,,38580,38580,HG-3
67,Manipurbagan,NFR,MOAR,LMG,ASSAM,HG-3,NSG-6,0,1351,1351,0,24010,24010,HG-3
68,Rupsibari,NFR,RPB,LMG,ASSAM,HG-3,NSG-6,0,2371,2371,0,23710,23710,HG-3
69,Dhing,NFR,DIU,LMG,ASSAM,HG-3,NSG-6,0,1000,1000,0,20500,20500,HG-3
71,Mohkhuti,NFR,MHKT,TSK,ASSAM,HG-3,NSG-6,0,150,150,0,5500,5500,HG-3
72,Wadrengdisa,NFR,WDA,LMG,ASSAM,HG-3,NSG-6,29,0,29,5473,0,5473,HG-3
73,Chandkhira Bagan,NFR,CHBN,LMG,ASSAM,HG-3,NSG-6,0,371,371,0,5150,5150,HG-3
74,Kalachand,NFR,KQI,LMG,ASSAM,HG-3,NSG-6,27,0,27,5049,0,5049,HG-3
75,Dangori,NFR,DNGI,TSK,ASSAM,NSG-6,NSG-6,0,120,120,0,3700,3700,HG-3
76,Jawaharnagar,NFR,JWNR,LMG,TRIPURA,HG-3,NSG-6,18,0,18,3320,0,3320,HG-3
77,Rupai,NFR,RPY,TSK,ASSAM,NSG-6,NSG-6,0,39,39,0,1170,1170,HG-3
78,Doomdoma,NFR,DUT,TSK,ASSAM,NSG-6,NSG-6,0,35,35,0,1050,1050,HG-3
79,Talap,NFR,TLL,TSK,ASSAM,NSG-6,NSG-6,0,17,17,0,510,510,HG-3
80,Maishashan,NFR,MSSN,LMG,ASSAM,NSG-6,NSG-6,0,37,37,0,430,430,HG-3
81,Hansara,NFR,HNR,TSK,ASSAM,NSG-6,NSG-6,0,6,6,0,180,180,HG-3
82,Barhapjan,NFR,BPJ,TSK,ASSAM,NSG-6,NSG-6,0,1,1,0,30,30,HG-3
83,Bidyadabri,NFR,BDYR,APDJ,WEST BENGAL,HG-3,NSG-6,0,0,,0,0,,HG-3
84,Bhotepatti,NFR,BPV,APDJ,WEST BENGAL,HG-3,NSG-6,0,0,,0,0,,HG-3
85,Moinarband,NFR,MRBD,LMG,ASSAM,HG-3,NSG-6,0,0,,0,0,,HG-3
86,S.K.Para,NFR,SKAP,LMG,TRIPURA,HG-3,NSG-6,0,0,,0,0,,HG-3
87,Mahutgaon,NFR,MUGN,TSK,ASSAM,HG-3,NSG-6,0,0,,0,0,,HG-3
88,Pawai,NFR,PWA,TSK,ASSAM,HG-3,NSG-6,0,0,,0,0,,HG-3
